,course_title,course_organization,course_Certificate_type,course_rating,course_difficulty,course_students_enrolled
134,(ISC)² Systems Security Certified Practitioner (SSCP),(ISC)²,SPECIALIZATION,4.7,Beginner,5.3k
743,A Crash Course in Causality:  Inferring Causal Effects from Observational Data,University of Pennsylvania,COURSE,4.7,Intermediate,17k
874,A Crash Course in Data Science,Johns Hopkins University,COURSE,4.5,Mixed,130k
413,A Law Student's Toolkit,Yale University,COURSE,4.7,Mixed,91k
635,A Life of Happiness and Fulfillment,Indian School of Business,COURSE,4.8,Mixed,320k
661,ADHD: Everyday Strategies for Elementary Students,University at Buffalo,COURSE,4.7,Beginner,39k
54,AI For Everyone,deeplearning.ai,COURSE,4.8,Beginner,350k
488,AI For Medical Treatment,deeplearning.ai,COURSE,4.8,Intermediate,2.4k
58,AI Foundations for Everyone,IBM,SPECIALIZATION,4.7,Beginner,61k
129,AI for Medical Diagnosis,deeplearning.ai,COURSE,4.7,Intermediate,12k
283,AI for Medical Prognosis,deeplearning.ai,COURSE,4.6,Intermediate,4k
35,AI for Medicine,deeplearning.ai,SPECIALIZATION,4.7,Intermediate,13k
43,AWS Fundamentals,Amazon Web Services,SPECIALIZATION,4.6,Beginner,130k
631,AWS Fundamentals: Addressing Security Risk,Amazon Web Services,COURSE,4.3,Beginner,11k
861,AWS Fundamentals: Building Serverless Applications,Amazon Web Services,COURSE,4.7,Beginner,27k
281,AWS Fundamentals: Going Cloud-Native,Amazon Web Services,COURSE,4.7,Beginner,110k
828,AWS Fundamentals: Migrating to the Cloud,Amazon Web Services,COURSE,4.5,Intermediate,13k
819,Aboriginal Worldviews and Education,University of Toronto,COURSE,4.7,Mixed,6.6k
63,Academic English: Writing,"University of California, Irvine",SPECIALIZATION,4.7,Beginner,540k
142,Accelerated Computer Science Fundamentals,University of Illinois at Urbana-Champaign,SPECIALIZATION,4.7,Intermediate,22k
612,Access Controls,(ISC)²,COURSE,4.6,Beginner,2.9k
604,Accounting Analytics,University of Pennsylvania,COURSE,4.5,Mixed,80k
727,Accounting for Decision Making,University of Michigan,COURSE,4.8,Intermediate,9.9k
51,Achieving Personal and Professional Success,University of Pennsylvania,SPECIALIZATION,4.7,Beginner,110k
838,Actualización en el manejo del paciente con diabetes mellitus tipo 2,Universidad Nacional Autónoma de México,COURSE,4.8,Mixed,23k
330,Addiction Treatment: Clinical Skills for Healthcare Providers,Yale University,COURSE,4.8,Beginner,9.2k
247,Advanced Business Analytics,University of Colorado Boulder,SPECIALIZATION,4.5,Intermediate,78k
157,Advanced Data Science with IBM,IBM,SPECIALIZATION,4.4,Advanced,320k
103,Advanced Machine Learning,National Research University Higher School of Economics,SPECIALIZATION,4.5,Advanced,190k
324,Advanced Machine Learning with TensorFlow on Google Cloud Platform,Google Cloud,SPECIALIZATION,4.5,Advanced,35k
266,"Advanced Valuation and Strategy - M&A, Private Equity, and Venture Capital",Erasmus University Rotterdam,COURSE,4.7,Advanced,29k
825,Advertising and Society,Duke University,COURSE,4.8,Mixed,14k
853,Age of Cathedrals,Yale University,COURSE,4.7,Beginner,21k
75,Agile Development,University of Virginia,SPECIALIZATION,4.7,Beginner,94k
482,Agile Meets Design Thinking,University of Virginia,COURSE,4.7,Beginner,69k
212,Agile with Atlassian Jira,Atlassian,COURSE,4.7,Beginner,40k
846,Agile и Scrum в работе над проектами и продуктами,ScrumTrek,COURSE,4.9,Beginner,12k
561,Algorithmic Toolbox,University of California San Diego,COURSE,4.7,Intermediate,220k
78,Algorithms,Stanford University,SPECIALIZATION,4.8,Intermediate,150k
242,Algorithms for Battery Management Systems,University of Colorado System,SPECIALIZATION,4.8,Intermediate,14k
322,American Contract Law I,Yale University,COURSE,4.9,Beginner,18k
159,An Introduction to American Law,University of Pennsylvania,COURSE,4.8,Beginner,23k
265,An Introduction to Consumer Neuroscience & Neuromarketing,Copenhagen Business School,COURSE,4.7,Beginner,69k
151,An Introduction to Programming the Internet of Things (IOT),"University of California, Irvine",SPECIALIZATION,4.6,Beginner,270k
752,Analysing: Numeric and digital literacies,Macquarie University,SPECIALIZATION,4.6,Beginner,7.9k
119,Anatomy,University of Michigan,SPECIALIZATION,4.8,Beginner,30k
302,"Anatomy of the Chest, Abdomen, and Pelvis",Yale University,COURSE,4.8,Intermediate,36k
508,Anatomy: Musculoskeletal and Integumentary Systems,University of Michigan,COURSE,4.8,Beginner,20k
797,Ancient Philosophy: Aristotle and His Successors,University of Pennsylvania,COURSE,4.8,Mixed,8.1k
390,Android App Development,Vanderbilt University,SPECIALIZATION,4.5,Beginner,120k
201,Animal Behaviour and Welfare,The University of Edinburgh,COURSE,4.8,Mixed,71k
663,Antibiotic Stewardship,Stanford University,COURSE,4.5,Advanced,11k
514,Anticorrupción: Introducción a conceptos y perspectiva práctica,Universidad Nacional Autónoma de México,COURSE,4.8,Beginner,11k
799,Antimicrobial resistance - theory and methods,Technical University of Denmark (DTU),COURSE,4.6,Intermediate,63k
8,Applied Data Science,IBM,SPECIALIZATION,4.6,Beginner,220k
637,Applied Data Science Capstone,IBM,COURSE,4.7,Intermediate,42k
26,Applied Data Science with Python,University of Michigan,SPECIALIZATION,4.5,Intermediate,480k
630,Applied Machine Learning in Python,University of Michigan,COURSE,4.6,Intermediate,150k
491,"Applied Plotting, Charting & Data Representation in Python",University of Michigan,COURSE,4.6,Intermediate,97k
888,Aprende a programar con Python,Universidad Austral,SPECIALIZATION,4.2,Beginner,6.6k
512,Aprender,Universidad Nacional Autónoma de México,COURSE,4.8,Mixed,200k
551,Aprendiendo a aprender: Poderosas herramientas mentales con las que podrás dominar temas difíciles (Learning How to Learn),University of California San Diego,COURSE,4.9,Beginner,180k
437,Architecting with Google Cloud Platform 日本語版,Google Cloud,SPECIALIZATION,4.5,Intermediate,4.2k
10,Architecting with Google Compute Engine,Google Cloud,SPECIALIZATION,4.7,Intermediate,310k
573,Architecting with Google Kubernetes Engine 日本語版,Google Cloud,SPECIALIZATION,4.5,Beginner,3.9k
56,Arizona State University TESOL,Arizona State University,PROFESSIONAL CERTIFICATE,4.9,Beginner,150k
479,Art & Activity: Interactive Strategies for Engaging with Art,The Museum of Modern Art,COURSE,4.8,Mixed,79k
452,Art & Ideas: Teaching with Themes,The Museum of Modern Art,COURSE,4.8,Mixed,31k
651,Arts and Culture Strategy,National Arts Strategies,COURSE,4.6,Mixed,15k
326,Arts and Heritage Management,Università Bocconi,COURSE,4.8,Mixed,15k
877,Aspectos básicos de la planificación y la gestión de proyectos,University of Virginia,COURSE,4.9,Beginner,10k
753,Astrobiology and the Search for Extraterrestrial Life,The University of Edinburgh,COURSE,4.7,Mixed,66k
782,Atención Primaria en Salud: El desafío de las Enfermedades no Transmisibles,Pontificia Universidad Católica de Chile,COURSE,4.8,Intermediate,33k
210,Autism Spectrum Disorder,"University of California, Davis",COURSE,4.6,Mixed,56k
885,Autodesk CAD/CAM for Manufacturing,Autodesk,SPECIALIZATION,4.8,Intermediate,7.3k
468,Autodesk CAD/CAM/CAE for Mechanical Engineering,Autodesk,SPECIALIZATION,4.8,Intermediate,9.2k
702,Autodesk Certified Professional: AutoCAD for Design and Drafting Exam Prep,Autodesk,COURSE,4.7,Advanced,22k
590,Autodesk Certified Professional: Revit for Architectural Design Exam Prep,Autodesk,COURSE,4.7,Advanced,9.7k
816,BIM Fundamentals for Engineers,National Taiwan University,COURSE,4.6,Beginner,13k
642,Basic Statistics,University of Amsterdam,COURSE,4.6,Beginner,180k
493,Bayesian Statistics: From Concept to Data Analysis,"University of California, Santa Cruz",COURSE,4.8,Intermediate,91k
602,Bayesian Statistics: Techniques and Models,"University of California, Santa Cruz",COURSE,4.8,Intermediate,29k
106,Become a CBRS Certified Professional Installer by Google,Google - Spectrum Sharing,COURSE,4.9,Mixed,210k
294,Become a Journalist: Report the News!,Michigan State University,SPECIALIZATION,4.7,Beginner,28k
809,Become a Sustainable Business Change Agent,University of Colorado System,SPECIALIZATION,4.7,Intermediate,4.2k
776,Becoming a Sports Agent,Case Western Reserve University,COURSE,4.7,Beginner,6.5k
672,Becoming a changemaker: Introduction to Social Innovation,University of Cape Town,COURSE,4.8,Beginner,61k
269,Behavioral Finance,Duke University,COURSE,4.4,Mixed,55k
456,Beyond the Sustainable Development Goals (SDGs): Addressing Sustainability and Development,University of Michigan,COURSE,4.6,Mixed,2.3k
498,Big Data – Introducción al uso práctico de datos masivos,Universitat Autònoma de Barcelona,SPECIALIZATION,4.5,Beginner,8.8k
687,Biohacking Your Brain's Health,Emory University,COURSE,4.6,Beginner,35k
565,Biology Meets Programming: Bioinformatics for Beginners,University of California San Diego,COURSE,4.4,Beginner,88k
131,Biostatistics in Public Health,Johns Hopkins University,SPECIALIZATION,4.8,Beginner,14k
751,Blended Language Learning: Design and Practice for Teachers,University of Colorado Boulder,COURSE,4.8,Intermediate,1.9k
251,Blockchain,University at Buffalo,SPECIALIZATION,4.6,Intermediate,68k
143,Blockchain Revolution,INSEAD,SPECIALIZATION,4.7,Beginner,21k
462,Blockchain Revolution in Financial Services,INSEAD,SPECIALIZATION,4.6,Beginner,1.6k
719,Blockchain: Foundations and Use Cases,ConsenSys Academy,COURSE,4.7,Beginner,31k
645,Boosting Creativity for Innovation,HEC Paris,COURSE,4.9,Beginner,9.5k
72,"Brand Management: Aligning Business, Brand and Behaviour",London Business School,COURSE,4.9,Beginner,57k
238,Branding: The Creative Journey,IE Business School,SPECIALIZATION,4.6,Beginner,26k
486,Budgeting and Scheduling Projects,"University of California, Irvine",COURSE,4.7,Mixed,84k
688,Bugs 101: Insect-Human Interactions,University of Alberta,COURSE,4.9,Beginner,15k
395,Build a Modern Computer from First Principles: From Nand to Tetris (Project-Centered Course),Hebrew University of Jerusalem,COURSE,4.9,Mixed,95k
653,Building Batch Data Pipelines on GCP,Google Cloud,COURSE,4.5,Intermediate,7.3k
670,Building Conversational Experiences with Dialogflow,Google Cloud,COURSE,4.5,Beginner,22k
884,Building Resilient Streaming Analytics Systems on GCP,Google Cloud,COURSE,4.6,Intermediate,5.8k
610,Building Scalable Java Microservices with Spring Boot and Spring Cloud,Google Cloud,COURSE,4.3,Intermediate,24k
824,Building Your Leadership Skills,HEC Paris,COURSE,4.5,Mixed,67k
17,Business Analytics,University of Pennsylvania,SPECIALIZATION,4.6,Beginner,280k
611,Business English,Arizona State University,SPECIALIZATION,4.7,Intermediate,38k
168,Business English Communication Skills,University of Washington,SPECIALIZATION,4.7,Intermediate,120k
738,Business English: Networking,University of Washington,COURSE,4.7,Intermediate,77k
7,Business Foundations,University of Pennsylvania,SPECIALIZATION,4.7,Beginner,510k
410,Business Model Innovation,HEC Paris,COURSE,4.7,Mixed,13k
96,Business Statistics and Analysis,Rice University,SPECIALIZATION,4.7,Beginner,110k
126,Business Strategies for A Better World,University of Pennsylvania,SPECIALIZATION,4.7,Beginner,24k
104,Business Strategy,University of Virginia,SPECIALIZATION,4.7,Beginner,89k
233,Business Technology Management,Indian School of Business,SPECIALIZATION,4.5,Beginner,67k
478,Business Transformation with Google Cloud,Google Cloud,COURSE,4.7,Beginner,10k
539,Business Writing,University of Colorado Boulder,COURSE,4.8,Beginner,48k
23,Business and Financial Modeling,University of Pennsylvania,SPECIALIZATION,4.5,Beginner,160k
662,C for Everyone: Programming Fundamentals,"University of California, Santa Cruz",COURSE,4.5,Beginner,31k
222,C# Programming for Unity Game Development,University of Colorado System,SPECIALIZATION,4.7,Beginner,36k
21,COVID-19 Contact Tracing,Johns Hopkins University,COURSE,4.9,Beginner,220k
450,COVID-19: What You Need to Know (CME Eligible),Osmosis,COURSE,4.8,Beginner,32k
525,"Cameras, Exposure, and Photography",Michigan State University,COURSE,4.7,Mixed,130k
107,Camino a la Excelencia en Gestión de Proyectos,Pontificia Universidad Católica de Chile,COURSE,4.7,Beginner,340k
536,"Capstone: Retrieving, Processing, and Visualizing Data with Python",University of Michigan,COURSE,4.6,Mixed,82k
44,Career Success,"University of California, Irvine",SPECIALIZATION,4.4,Beginner,790k
736,Challenging Forensic Science: How Science Should Speak to Court,University of Lausanne,COURSE,4.8,Beginner,31k
718,Chemicals and Health,Johns Hopkins University,COURSE,4.7,Beginner,23k
726,Chicken Behaviour and Welfare,The University of Edinburgh,COURSE,4.7,Mixed,19k
161,Child Nutrition and Cooking,Stanford University,COURSE,4.7,Beginner,30k
737,Chinese for HSK 1,Peking University,COURSE,4.8,Beginner,22k
95,Cisco Networking Basics,Cisco,SPECIALIZATION,4.7,Beginner,57k
848,Classical Sociological Theory,University of Amsterdam,COURSE,4.8,Mixed,51k
197,Claves de la Dirección de Empresas,IESE Business School,SPECIALIZATION,4.8,Beginner,51k
457,Climate Change and Health: From Science to Action,Yale University,SPECIALIZATION,4.6,Beginner,4.8k
275,Clinical Terminology for International and U.S. Students,University of Pittsburgh,COURSE,4.8,Beginner,32k
349,Cloud Computing,University of Illinois at Urbana-Champaign,SPECIALIZATION,4.4,Intermediate,110k
777,Cloud Computing Basics (Cloud 101),LearnQuest,COURSE,4.5,Beginner,37k
9,Cloud Engineering with Google Cloud,Google Cloud,PROFESSIONAL CERTIFICATE,4.7,Intermediate,310k
276,Coaching Skills for Managers,"University of California, Davis",SPECIALIZATION,4.7,Intermediate,37k
655,Code Yourself! An Introduction to Programming,The University of Edinburgh,COURSE,4.7,Beginner,120k
709,Communication Skills for Engineers,Rice University,SPECIALIZATION,4.7,Beginner,15k
305,Communication Strategies for a Virtual Age,University of Toronto,COURSE,4.8,Beginner,43k
890,Compassionate Leadership Through Service Learning with Jane Goodall and Roots & Shoots,University of Colorado Boulder,COURSE,4.9,Beginner,6.4k
406,"Competencias digitales. Herramientas de ofimática (Microsoft Word, Excel, Power Point)",Universitat Autònoma de Barcelona,COURSE,4.7,Beginner,43k
474,Competitive Strategy and Organization Design,Ludwig-Maximilians-Universität München (LMU),SPECIALIZATION,4.7,Intermediate,350k
391,Computational Social Science,"University of California, Davis",SPECIALIZATION,4.6,Beginner,5.8k
221,Computational Thinking for Problem Solving,University of Pennsylvania,COURSE,4.8,Beginner,33k
621,Computer Security and Systems Management,University of Colorado System,SPECIALIZATION,4.6,Beginner,27k
439,Conflict Management,"University of California, Irvine",SPECIALIZATION,4.3,Beginner,66k
728,Construction Cost Estimating and Cost Control,Columbia University,COURSE,4.7,Beginner,19k
48,Construction Management,Columbia University,SPECIALIZATION,4.7,Beginner,61k
290,Construction Project Management,Columbia University,COURSE,4.8,Beginner,43k
794,Construction Scheduling,Columbia University,COURSE,4.8,Beginner,15k
300,Contabilidad para no contadores,Universidad Nacional Autónoma de México,COURSE,4.7,Beginner,220k
273,Content Strategy for Professionals,Northwestern University,SPECIALIZATION,4.5,Beginner,27k
448,Continuous Delivery & DevOps,University of Virginia,COURSE,4.6,Beginner,26k
815,Control of Mobile Robots,Georgia Institute of Technology,COURSE,4.8,Mixed,49k
207,Convolutional Neural Networks,deeplearning.ai,COURSE,4.9,Intermediate,240k
358,Convolutional Neural Networks in TensorFlow,deeplearning.ai,COURSE,4.7,Intermediate,46k
725,Corporate & Commercial Law I: Contracts & Employment Law,University of Illinois at Urbana-Champaign,COURSE,4.8,Intermediate,10k
458,Corporate Finance Essentials,IESE Business School,COURSE,4.8,Mixed,56k
714,Corporate Strategy,UCL School of Management,COURSE,4.8,Beginner,7.8k
301,Corporate Sustainability. Understanding and Seizing the Strategic Opportunity,Università Bocconi,COURSE,4.6,Mixed,10k
691,"Corrección, estilo y  variaciones de la lengua española",Universitat Autònoma de Barcelona,COURSE,4.6,Beginner,75k
854,Cost and Economics in Pricing Strategy,University of Virginia,COURSE,4.8,Beginner,15k
544,Costos para los Negocios,Universidad de Chile,COURSE,4.8,Intermediate,43k
179,Crash Course on Python,Google,COURSE,4.8,Beginner,81k
463,Creative Problem Solving,University of Minnesota,COURSE,4.3,Mixed,140k
59,Creative Writing,Wesleyan University,SPECIALIZATION,4.6,Beginner,140k
371,Creative Writing: The Craft of Plot,Wesleyan University,COURSE,4.7,Mixed,120k
793,"Creatividad, diseño e innovación: Técnicas y herramientas",Arizona State University,SPECIALIZATION,4.7,Beginner,150k
678,Cuidado de heridas en el ámbito hospitalario,Universidad Nacional Autónoma de México,COURSE,4.8,Intermediate,26k
730,Cuidados y procedimientos generales en la atención del recién nacido,Universidad de Chile,COURSE,4.8,Intermediate,22k
248,Culture-Driven Team Building,University of Pennsylvania,SPECIALIZATION,4.6,Beginner,17k
820,Curanderismo: Traditional Healing Using Plants,University of New Mexico,COURSE,4.6,Beginner,5.5k
566,Customer Segmentation and Prospecting,Northwestern University,COURSE,4.7,Beginner,18k
372,Cybersecurity,"University of Maryland, College Park",SPECIALIZATION,4.5,Intermediate,99k
821,Cybersecurity and Its Ten Domains,University System of Georgia,COURSE,4.2,Beginner,140k
497,Cybersecurity for Business,University of Colorado System,SPECIALIZATION,4.6,Beginner,23k
800,Cómo hablar bien en público,Universitat Autònoma de Barcelona,COURSE,4.8,Beginner,55k
764,Dairy Production and Management,The Pennsylvania State University,COURSE,4.8,Mixed,23k
812,Data Analysis and Interpretation,Wesleyan University,SPECIALIZATION,4.4,Beginner,100k
39,Data Analysis and Presentation Skills: the PwC Approach,PwC,SPECIALIZATION,4.6,Beginner,220k
277,Data Analysis with Python,IBM,COURSE,4.7,Beginner,110k
605,Data Analytics for Lean Six Sigma,University of Amsterdam,COURSE,4.8,Beginner,24k
783,Data Collection and Processing with Python,University of Michigan,COURSE,4.7,Intermediate,19k
679,Data Engineering on Google Cloud Platform 日本語版,Google Cloud,SPECIALIZATION,4.4,Intermediate,3k
22,Data Engineering with Google Cloud,Google Cloud,PROFESSIONAL CERTIFICATE,4.6,Intermediate,120k
24,"Data Engineering, Big Data, and Machine Learning on GCP",Google Cloud,SPECIALIZATION,4.6,Intermediate,120k
383,Data Management for Clinical Research,Vanderbilt University,COURSE,4.7,Beginner,42k
434,Data Mining,University of Illinois at Urbana-Champaign,SPECIALIZATION,4.4,Intermediate,140k
13,Data Science,Johns Hopkins University,SPECIALIZATION,4.5,Beginner,830k
399,Data Science Math Skills,Duke University,COURSE,4.5,Beginner,140k
198,Data Science Methodology,IBM,COURSE,4.6,Beginner,89k
15,Data Science: Foundations using R,Johns Hopkins University,SPECIALIZATION,4.6,Beginner,740k
148,Data Science: Statistics and Machine Learning,Johns Hopkins University,SPECIALIZATION,4.4,Intermediate,210k
686,Data Visualization and Communication with Tableau,Duke University,COURSE,4.7,Mixed,130k
804,Data Visualization with Advanced Excel,PwC,COURSE,4.8,Beginner,60k
420,Data Visualization with Python,IBM,COURSE,4.6,Intermediate,66k
70,Data Visualization with Tableau,"University of California, Davis",SPECIALIZATION,4.5,Beginner,96k
288,Data Warehousing for Business Intelligence,University of Colorado System,SPECIALIZATION,4.5,Advanced,140k
871,Data and Health Indicators in Public Health Practice,Johns Hopkins University,COURSE,4.7,Beginner,18k
376,Data-driven Decision Making,PwC,COURSE,4.6,Beginner,120k
263,Databases and SQL for Data Science,IBM,COURSE,4.7,Beginner,110k
519,De-Mystifying Mindfulness,Universiteit Leiden,COURSE,4.8,Beginner,150k
813,Decision-Making and Scenarios,University of Pennsylvania,COURSE,4.6,Mixed,31k
5,Deep Learning,deeplearning.ai,SPECIALIZATION,4.8,Intermediate,690k
599,Democracia y decisiones públicas. Introducción al análisis de políticas públicas,Universitat Autònoma de Barcelona,COURSE,4.8,Beginner,44k
806,Dentistry 101,University of Michigan,COURSE,4.7,Beginner,4.5k
627,Dermatology: Trip to skin,Novosibirsk State University ,COURSE,4.4,Beginner,8.2k
100,Design Thinking for Innovation,University of Virginia,COURSE,4.6,Beginner,240k
674,Design Thinking for the Greater Good: Innovation in the Social Sector,University of Virginia,COURSE,4.6,Beginner,17k
139,Design and Interpretation of Clinical Trials,Johns Hopkins University,COURSE,4.7,Mixed,67k
522,Design and Make Infographics (Project-Centered Course),Michigan State University,COURSE,4.7,Mixed,97k
430,Design-Led Strategy: Design thinking for business strategy and entrepreneurship,The University of Sydney,COURSE,4.6,Intermediate,19k
338,Developing APIs with Google Cloud's Apigee API Platform,Google Cloud,SPECIALIZATION,4.6,Intermediate,16k
18,Developing Applications with Google Cloud Platform,Google Cloud,SPECIALIZATION,4.7,Intermediate,300k
644,Developing Applications with Google Cloud Platform 日本語版,Google Cloud,SPECIALIZATION,4.8,Intermediate,4k
720,Developing Industrial Internet of Things,University of Colorado Boulder,SPECIALIZATION,4.6,Intermediate,8k
756,Developing Your Musicianship,Berklee College of Music,COURSE,4.8,Mixed,41k
205,Developing Your Musicianship,Berklee College of Music,SPECIALIZATION,4.8,Beginner,54k
397,Devenir entrepreneur du changement,Ticket for Change,COURSE,4.7,Mixed,54k
239,Digital Advertising Strategy,University of Colorado Boulder,SPECIALIZATION,4.4,Beginner,9k
855,Digital Business Models,Lund University,COURSE,4.5,Beginner,21k
237,Digital Manufacturing & Design Technology,University at Buffalo,SPECIALIZATION,4.6,Beginner,37k
28,Digital Marketing,University of Illinois at Urbana-Champaign,SPECIALIZATION,4.6,Beginner,380k
852,Digital Media and Marketing Strategies,University of Illinois at Urbana-Champaign,COURSE,4.4,Mixed,57k
53,Digital Product Management,University of Virginia,SPECIALIZATION,4.7,Beginner,140k
381,Digital Product Management: Modern Fundamentals,University of Virginia,COURSE,4.7,Beginner,58k
490,Dino 101: Dinosaur Paleobiology,University of Alberta,COURSE,4.5,Beginner,35k
697,Discrete Optimization,The University of Melbourne,COURSE,4.9,Intermediate,40k
675,Diseño Instruccional: Aprendizaje activo y Pedagogía digital,Tecnológico de Monterrey,SPECIALIZATION,4.6,Beginner,4k
711,Diseño y Creación de un Emprendimiento Social,Pontificia Universidad Católica de Chile,COURSE,4.9,Beginner,21k
378,"Divide and Conquer, Sorting and Searching, and Randomized Algorithms",Stanford University,COURSE,4.8,Intermediate,130k
392,Dog Emotion and Cognition,Duke University,COURSE,4.6,Mixed,150k
624,Driving business towards the Sustainable Development Goals,Erasmus University Rotterdam,COURSE,4.8,Beginner,5.6k
487,Drug Commercialization,University of California San Diego,COURSE,4.7,Beginner,17k
342,Drug Discovery,University of California San Diego,COURSE,4.6,Beginner,39k
166,Dynamic Public Speaking,University of Washington,SPECIALIZATION,4.7,Beginner,110k
832,EMT Foundations,University of Colorado System,COURSE,4.8,Beginner,7.1k
494,Ecology: Ecosystem Dynamics and Conservation,American Museum of Natural History,COURSE,4.8,Intermediate,18k
641,Econometrics: Methods and Applications,Erasmus University Rotterdam,COURSE,4.7,Mixed,110k
229,Economics of Money and Banking,Columbia University,COURSE,4.9,Mixed,83k
707,Ecosystem Services: a Method for Sustainable Development,University of Geneva,COURSE,4.7,Intermediate,16k
773,Effective Compliance Programs,University of Pennsylvania,COURSE,4.9,Mixed,3.4k
636,Egiptología (Egyptology),Universitat Autònoma de Barcelona,COURSE,4.9,Beginner,46k
789,El Abogado del Futuro: Legaltech y la Transformación Digital del Derecho,Universidad Austral,COURSE,5,Beginner,1.5k
564,Elastic Google Cloud Infrastructure: Scaling and Automation,Google Cloud,COURSE,4.7,Intermediate,57k
870,Electric Industry Operations and Markets,Duke University,COURSE,4.8,Beginner,12k
122,Electronic Music Production,Berklee College of Music,SPECIALIZATION,4.8,Intermediate,110k
733,Emerging Technologies: From Smartphones to IoT to Big Data,Yonsei University,SPECIALIZATION,4.6,Beginner,17k
267,"Energy Production, Distribution & Safety",University at Buffalo,SPECIALIZATION,4.7,Beginner,37k
461,Engineering Health: Introduction to Yoga and Physiology,New York University,COURSE,4.8,Beginner,14k
560,Engineering Project Management: Initiating and Planning,Rice University,COURSE,4.7,Beginner,23k
613,English Composition I,Duke University,COURSE,4.6,Beginner,200k
225,English for Business and Entrepreneurship,University of Pennsylvania,COURSE,4.8,Beginner,230k
175,English for Career Development,University of Pennsylvania,COURSE,4.8,Mixed,760k
303,English for Journalism,University of Pennsylvania,COURSE,4.8,Mixed,130k
547,English for Research Publication Purposes,Moscow Institute of Physics and Technology,SPECIALIZATION,4.6,Intermediate,42k
598,"English for Science, Technology, Engineering, and Mathematics",University of Pennsylvania,COURSE,4.8,Beginner,110k
770,Enterprise Architecture,Peter the Great St. Petersburg Polytechnic University,COURSE,4.4,Beginner,2.4k
292,Entrepreneurial Finance: Strategy and Innovation,Duke University,SPECIALIZATION,4.5,Intermediate,7.9k
33,Entrepreneurship,University of Pennsylvania,SPECIALIZATION,4.8,Beginner,110k
246,Entrepreneurship 1: Developing the Opportunity,University of Pennsylvania,COURSE,4.8,Mixed,86k
496,Entrepreneurship 2: Launching your Start-Up,University of Pennsylvania,COURSE,4.8,Mixed,38k
704,Entrepreneurship 3: Growth Strategies,University of Pennsylvania,COURSE,4.7,Beginner,31k
623,Entrepreneurship Strategy: From Ideation to Exit,HEC Paris,COURSE,4.8,Beginner,20k
502,Entrepreneurship: Launching an Innovative Business,"University of Maryland, College Park",SPECIALIZATION,4.6,Beginner,69k
527,Epidemics - the Dynamics of Infectious Diseases,The Pennsylvania State University,COURSE,4.8,Mixed,45k
570,"Epidemics, Pandemics and Outbreaks",University of Pittsburgh,COURSE,4.7,Mixed,23k
426,Epidemiology for Public Health,Imperial College London,SPECIALIZATION,4.7,Beginner,6.4k
60,Epidemiology in Public Health Practice,Johns Hopkins University,SPECIALIZATION,4.7,Beginner,31k
351,Epidemiology: The Basic Science of Public Health,The University of North Carolina at Chapel Hill,COURSE,4.6,Mixed,130k
708,Epigenetic Control of Gene Expression,The University of Melbourne,COURSE,4.8,Mixed,35k
444,Equine Welfare and Management,"University of California, Davis",COURSE,4.8,Beginner,7.2k
693,Esports,"University of California, Irvine",SPECIALIZATION,4.5,Beginner,1.8k
454,Essential Epidemiologic Tools for Public Health Practice,Johns Hopkins University,COURSE,4.7,Beginner,14k
446,Essential Google Cloud Infrastructure: Core Services,Google Cloud,COURSE,4.7,Intermediate,68k
347,Essential Google Cloud Infrastructure: Foundation,Google Cloud,COURSE,4.7,Intermediate,83k
314,Essentials in Clinical Simulations Across the Health Professions,The George Washington University,COURSE,4.8,Intermediate,4.1k
436,Essentials of Corporate Finance,The University of Melbourne,SPECIALIZATION,4.6,Intermediate,54k
319,Essentials of Global Health,Yale University,COURSE,4.8,Mixed,31k
847,Estadística y probabilidad,Universidad Nacional Autónoma de México,COURSE,4.7,Beginner,27k
881,Evaluación educativa,Universidad Nacional Autónoma de México,SPECIALIZATION,4.8,Beginner,13k
256,"Everyday Excel, Part 1",University of Colorado Boulder,COURSE,4.8,Beginner,11k
278,Everyday Parenting: The ABCs of Child Rearing,Yale University,COURSE,4.9,Beginner,86k
11,Excel Skills for Business,Macquarie University,SPECIALIZATION,4.9,Beginner,240k
591,Excel Skills for Business: Advanced,Macquarie University,COURSE,4.7,Intermediate,39k
92,Excel Skills for Business: Essentials,Macquarie University,COURSE,4.9,Beginner,200k
218,Excel Skills for Business: Intermediate I,Macquarie University,COURSE,4.9,Intermediate,76k
419,Excel Skills for Business: Intermediate II,Macquarie University,COURSE,4.8,Intermediate,39k
38,Excel to MySQL: Analytic Techniques for Business,Duke University,SPECIALIZATION,4.6,Beginner,490k
124,Excel/VBA for Creative Problem Solving,University of Colorado Boulder,SPECIALIZATION,4.8,Beginner,56k
418,"Excel/VBA for Creative Problem Solving, Part 1",University of Colorado Boulder,COURSE,4.8,Beginner,54k
137,Executive Data Science,Johns Hopkins University,SPECIALIZATION,4.5,Beginner,170k
880,Explorando la Energía Sustentable,Pontificia Universidad Católica de Chile,COURSE,4.8,Beginner,28k
99,Fashion as Design,The Museum of Modern Art,COURSE,4.8,Beginner,180k
509,Feminism and Social Justice,"University of California, Santa Cruz",COURSE,4.8,Beginner,18k
442,FinTech Law and Policy,Duke University,COURSE,4.8,Beginner,9.7k
531,FinTech: Finance Industry Transformation and Regulation,The Hong Kong University of Science and Technology,SPECIALIZATION,4.6,Beginner,13k
453,"FinTech: Foundations, Payments, and Regulations",University of Pennsylvania,COURSE,4.7,Beginner,12k
16,Finance & Quantitative Modeling for Analysts,University of Pennsylvania,SPECIALIZATION,4.5,Beginner,260k
257,Finance for Non-Finance Professionals,Rice University,COURSE,4.8,Beginner,69k
778,Finance for Non-Financial Managers,Emory University,COURSE,4.4,Intermediate,12k
85,Financial Accounting Fundamentals,University of Virginia,COURSE,4.8,Beginner,65k
396,Financial Acumen for Non-Financial Managers,University of Pennsylvania,COURSE,4.5,Beginner,10k
158,Financial Engineering and Risk Management Part I,Columbia University,COURSE,4.6,Mixed,100k
149,Financial Management,University of Illinois at Urbana-Champaign,SPECIALIZATION,4.7,Intermediate,76k
14,Financial Markets,Yale University,COURSE,4.8,Beginner,470k
259,Financial Markets and Investment Strategy,Indian School of Business,SPECIALIZATION,4.5,Beginner,60k
682,Financial Reporting,University of Illinois at Urbana-Champaign,SPECIALIZATION,4.8,Intermediate,12k
356,Financial Technology (Fintech) Innovations,University of Michigan,SPECIALIZATION,4.7,Beginner,6.5k
382,Financing and Investing in Infrastructure,Università Bocconi,COURSE,4.8,Mixed,24k
366,Finanzas corporativas,Universidad Nacional Autónoma de México,SPECIALIZATION,4.6,Intermediate,30k
552,Finanzas personales,Universidad Nacional Autónoma de México,COURSE,4.8,Mixed,310k
109,Finding Purpose and Meaning In Life: Living for What Matters Most,University of Michigan,COURSE,4.7,Beginner,36k
66,Fintech: Foundations & Applications of Financial Technology,University of Pennsylvania,SPECIALIZATION,4.6,Beginner,20k
113,First Step Korean,Yonsei University,COURSE,4.9,Beginner,400k
102,Food & Beverage Management,Università Bocconi,COURSE,4.8,Mixed,57k
174,Forensic Accounting and Fraud Examination,West Virginia University,COURSE,4.7,Mixed,42k
851,Formulación y evaluación de proyectos complejos,Universidad de los Andes,COURSE,4.9,Intermediate,4.4k
337,Foundational Finance for Strategic Decision Making,University of Michigan,SPECIALIZATION,4.8,Beginner,14k
721,Foundations of Business Strategy,University of Virginia,COURSE,4.8,Beginner,63k
775,Foundations of Everyday Leadership,University of Illinois at Urbana-Champaign,COURSE,4.8,Mixed,62k
313,Foundations of Global Health,Johns Hopkins University,SPECIALIZATION,4.7,Beginner,31k
209,Foundations of Management,IESE Business School,SPECIALIZATION,4.8,Beginner,64k
569,Foundations of Marketing Analytics,Emory University,SPECIALIZATION,4.2,Intermediate,27k
32,Foundations of Positive Psychology,University of Pennsylvania,SPECIALIZATION,4.8,Beginner,89k
521,Foundations of Public Health Practice,Imperial College London,SPECIALIZATION,4.8,Beginner,3.2k
203,From Data to Insights with Google Cloud Platform,Google Cloud,SPECIALIZATION,4.6,Beginner,26k
698,From the Big Bang to Dark Energy,The University of Tokyo,COURSE,4.8,Beginner,52k
863,Front-End Web Development with React,The Hong Kong University of Science and Technology,COURSE,4.7,Intermediate,45k
501,Front-End Web UI Frameworks and Tools: Bootstrap 4,The Hong Kong University of Science and Technology,COURSE,4.8,Intermediate,89k
108,Full Stack Web and Multiplatform Mobile App Development,The Hong Kong University of Science and Technology,SPECIALIZATION,4.7,Intermediate,150k
89,Full-Stack Web Development with React,The Hong Kong University of Science and Technology,SPECIALIZATION,4.7,Intermediate,140k
790,Functional Programming Principles in Scala,École Polytechnique Fédérale de Lausanne,COURSE,4.8,Intermediate,170k
150,Functional Programming in Scala,École Polytechnique Fédérale de Lausanne,SPECIALIZATION,4.7,Intermediate,220k
441,Fundamental Neuroscience for Neuroimaging,Johns Hopkins University,COURSE,4.6,Beginner,30k
295,Fundamentals of Accounting,University of Illinois at Urbana-Champaign,SPECIALIZATION,4.6,Beginner,39k
164,Fundamentals of Computing,Rice University,SPECIALIZATION,4.8,Beginner,200k
581,Fundamentals of Engineering Exam Review,Georgia Institute of Technology,COURSE,4.7,Mixed,49k
425,Fundamentals of GIS,"University of California, Davis",COURSE,4.8,Beginner,86k
162,Fundamentals of Graphic Design,California Institute of the Arts,COURSE,4.8,Beginner,290k
130,Fundamentals of Immunology,Rice University,SPECIALIZATION,4.7,Intermediate,20k
415,Fundamentals of Immunology: Innate Immunity and B-Cell Function,Rice University,COURSE,4.7,Intermediate,18k
633,Fundamentals of Music Theory,The University of Edinburgh,COURSE,4.6,Beginner,180k
77,Fundamentals of Project Planning and Management,University of Virginia,COURSE,4.7,Beginner,120k
165,Fundamentals of Quantitative Modeling,University of Pennsylvania,COURSE,4.6,Mixed,110k
475,Fundamentals of Reinforcement Learning,University of Alberta,COURSE,4.8,Intermediate,22k
520,Fundamentals of Visualization with Tableau,"University of California, Davis",COURSE,4.5,Beginner,81k
742,Fundamentos Empresariales,University of Pennsylvania,SPECIALIZATION,4.6,Beginner,25k
857,Fundamentos Estratégicos Empresariales,Universidad Nacional Autónoma de México,SPECIALIZATION,4.6,Beginner,56k
724,Fundamentos de Excel para Negocios,Universidad Austral,COURSE,4.7,Beginner,150k
388,Fundamentos de Finanzas Empresariales,Universidad de los Andes,COURSE,4.8,Beginner,110k
705,Fundamentos de la escritura,Tecnológico de Monterrey,COURSE,4.6,Beginner,47k
370,Fundraising and Development,"University of California, Davis",SPECIALIZATION,4.6,Beginner,4.9k
145,Futures Thinking,Institute for the Future,SPECIALIZATION,4.8,Beginner,9.4k
115,G Suite Administration,Google Cloud,SPECIALIZATION,4.7,Beginner,10k
286,"GIS, Mapping, and Spatial Analysis",University of Toronto,SPECIALIZATION,4.8,Beginner,140k
206,Game Design and Development,Michigan State University,SPECIALIZATION,4.7,Intermediate,100k
141,Game Theory,Stanford University,COURSE,4.6,Beginner,260k
268,Gamification,University of Pennsylvania,COURSE,4.8,Mixed,110k
802,Gender and Sexuality: Diversity and Inclusion in the Workplace,University of Pittsburgh,COURSE,4.7,Beginner,14k
76,Genomic Data Science,Johns Hopkins University,SPECIALIZATION,4.4,Intermediate,80k
79,Geographic Information Systems  (GIS),"University of California, Davis",SPECIALIZATION,4.8,Beginner,97k
694,Geopolitics of Europe,Sciences Po,COURSE,4.3,Mixed,19k
567,Geopolítica y gobernanza global: riesgos y oportunidades,ESADE Business and Law School,COURSE,4.8,Mixed,34k
650,Gestión de organizaciones efectivas,Pontificia Universidad Católica de Chile,COURSE,4.7,Mixed,47k
540,Get Interactive: Practical Teaching with Technology,Bloomsbury Learning Exchange,COURSE,4.7,Beginner,14k
681,Getting Started With Music Theory,Michigan State University,COURSE,4.5,Beginner,59k
568,Getting Started with AWS Machine Learning,Amazon Web Services,COURSE,4.5,Intermediate,73k
734,Getting Started with Go,"University of California, Irvine",COURSE,4.6,Intermediate,59k
422,Getting Started with Google Kubernetes Engine,Google Cloud,COURSE,4.5,Intermediate,75k
411,Getting Started with Google Sheets,Google Cloud,COURSE,4.6,Beginner,18k
538,Getting Started with SAS Programming,SAS,COURSE,4.9,Beginner,22k
192,Global Diplomacy – Diplomacy in the Modern World,SOAS University of London,COURSE,4.6,Mixed,79k
400,Global Diplomacy: the United Nations in the World,SOAS University of London,COURSE,4.7,Beginner,29k
643,Global Energy and Climate Policy,SOAS University of London,COURSE,4.5,Beginner,10k
578,Global Environmental Management,Technical University of Denmark (DTU),COURSE,4.6,Intermediate,22k
835,Global Financial Markets and Instruments,Rice University,COURSE,4.6,Mixed,37k
761,Global Financing Solutions  (by EDHEC and Société Générale),EDHEC Business School,COURSE,4.6,Intermediate,3.6k
740,Global Trends for Business and Society,University of Pennsylvania,COURSE,4.8,Mixed,7.6k
717,"Globalization, Economic Growth and Stability",IE Business School,SPECIALIZATION,4.8,Intermediate,44k
355,Good with Words: Writing and Editing,University of Michigan,SPECIALIZATION,4.6,Beginner,3.8k
227,Google Cloud Platform Big Data and Machine Learning Fundamentals,Google Cloud,COURSE,4.6,Intermediate,120k
849,Google Cloud Platform Fundamentals for AWS Professionals,Google Cloud,COURSE,4.7,Intermediate,36k
25,Google IT Automation with Python,Google,PROFESSIONAL CERTIFICATE,4.7,Beginner,93k
4,Google IT Support,Google,PROFESSIONAL CERTIFICATE,4.8,Beginner,350k
385,Grammar and Punctuation,"University of California, Irvine",COURSE,4.7,Mixed,430k
513,Graphic Design Elements for Non-Designers,University of Colorado Boulder,SPECIALIZATION,4.7,Beginner,10k
287,Greek and Roman Mythology,University of Pennsylvania,COURSE,4.8,Mixed,260k
369,Greening the Economy: Sustainable Cities,Lund University,COURSE,4.6,Beginner,56k
757,Guitar for Beginners,Berklee College of Music,COURSE,4.8,Mixed,210k
710,Gut Check: Exploring Your Microbiome,University of California San Diego,COURSE,4.7,Mixed,62k
329,"HTML, CSS, and Javascript for Web Developers",Johns Hopkins University,COURSE,4.8,Mixed,240k
231,Habilidades Gerenciales,Universidad Nacional Autónoma de México,SPECIALIZATION,4.7,Beginner,43k
785,Hacia una práctica constructivista en el aula,Pontificia Universidad Católica de Chile,COURSE,4.8,Mixed,62k
803,Hardware Description Languages for FPGA Design,University of Colorado Boulder,COURSE,4.2,Intermediate,7.4k
429,Healing with the Arts,University of Florida,COURSE,4.6,Mixed,39k
244,Health Informatics,Johns Hopkins University,SPECIALIZATION,4.5,Beginner,8.1k
739,Health Information Literacy for Data Analytics,"University of California, Davis",SPECIALIZATION,4.5,Intermediate,5.4k
373,Healthcare Law,University of Pennsylvania,SPECIALIZATION,4.7,Intermediate,1.7k
423,Healthcare Marketplace,University of Minnesota,SPECIALIZATION,4.4,Beginner,36k
596,Healthcare Organization Operations,Rutgers the State University of New Jersey,SPECIALIZATION,4.6,Beginner,5.5k
845,"High Performance Collaboration: Leadership, Teamwork, and Negotiation",Northwestern University,COURSE,4.8,Mixed,46k
700,Homeland Security and Cybersecurity,University of Colorado System,SPECIALIZATION,4.7,Beginner,5.5k
177,"Hotel Management: Distribution, Revenue and Demand Management",ESSEC Business School,SPECIALIZATION,4.6,Beginner,28k
554,How Things Work: An Introduction to Physics,University of Virginia,COURSE,4.8,Intermediate,170k
767,How To Create a Website in a Weekend! (Project-Centered Course),The State University of New York,COURSE,3.3,Mixed,140k
609,How to Start Your Own Business,Michigan State University,SPECIALIZATION,4.1,Beginner,34k
52,Human Resource Management: HR for People Managers,University of Minnesota,SPECIALIZATION,4.7,Beginner,98k
34,IBM AI Engineering,IBM,PROFESSIONAL CERTIFICATE,4.6,Intermediate,140k
571,IBM AI Enterprise Workflow,IBM,SPECIALIZATION,4.4,Advanced,3.5k
12,IBM Applied AI,IBM,PROFESSIONAL CERTIFICATE,4.6,Beginner,220k
408,IBM Customer Engagement Specialist Professional Certificate,IBM,COURSE,4.8,Beginner,3.3k
0,IBM Data Science,IBM,PROFESSIONAL CERTIFICATE,4.6,Beginner,480k
98,IT Fundamentals for Cybersecurity,IBM,SPECIALIZATION,4.5,Beginner,35k
476,IT Security: Defense against the digital dark arts,Google,COURSE,4.8,Beginner,62k
856,"Identifying, Monitoring, and Analyzing Risk and Incident Response and Recovery",(ISC)²,COURSE,4.9,Beginner,1.7k
562,Implementación del Marketing Mix,IE Business School,SPECIALIZATION,4.7,Beginner,23k
640,Implementing RPA with Cognitive Automation and Analytics,Automation Anywhere,SPECIALIZATION,4.6,Beginner,2.2k
36,Improve Your English Communication Skills,Georgia Institute of Technology,SPECIALIZATION,4.7,Beginner,610k
123,"Improving Deep Neural Networks: Hyperparameter tuning, Regularization and Optimization",deeplearning.ai,COURSE,4.9,Beginner,270k
748,Improving Leadership & Governance in Nonprofit Organizations,Luther College at the University of Regina,SPECIALIZATION,4.4,Beginner,18k
318,In the Studio: Postwar Abstract Painting,The Museum of Modern Art,COURSE,4.9,Beginner,79k
110,Indigenous Canada,University of Alberta,COURSE,4.8,Mixed,51k
572,Industrial IoT on Google Cloud Platform,Google Cloud,COURSE,4.5,Beginner,34k
401,Infectious Disease Modelling,Imperial College London,SPECIALIZATION,5,Intermediate,1.6k
805,Influencer Marketing Strategy,Rutgers the State University of New Jersey,COURSE,4.4,Intermediate,12k
224,"Influencing: Storytelling, Change Management and Governance",Macquarie University,SPECIALIZATION,4.8,Beginner,22k
549,Information Security: Context and Introduction,"Royal Holloway, University of London",COURSE,4.6,Beginner,32k
537,Information Visualization,New York University,SPECIALIZATION,4.6,Beginner,10k
485,Information​ ​Systems,University of Minnesota,SPECIALIZATION,4.7,Beginner,16k
169,Initiating and Planning Projects,"University of California, Irvine",COURSE,4.7,Mixed,180k
365,Innovation Management,Erasmus University Rotterdam,COURSE,4.6,Beginner,40k
747,"Innovation Through Design: Think, Make, Break, Repeat",The University of Sydney,COURSE,4.8,Beginner,10k
673,Innovation: From Creativity to Entrepreneurship,University of Illinois at Urbana-Champaign,SPECIALIZATION,4.8,Beginner,25k
219,Inspirational Leadership: Leading with Sense,HEC Paris,SPECIALIZATION,4.5,Beginner,72k
184,Inspired Leadership,Case Western Reserve University,SPECIALIZATION,4.7,Intermediate,97k
443,Inspiring and Motivating Individuals,University of Michigan,COURSE,4.8,Mixed,85k
345,Instructional Design Foundations and Applications,University of Illinois at Urbana-Champaign,COURSE,4.2,Mixed,12k
837,Instructional Methods in Health Professions Education,University of Michigan,COURSE,4.6,Intermediate,9.7k
171,Integrative Health and Medicine,University of Minnesota,SPECIALIZATION,4.8,Beginner,14k
120,Intellectual Property Law,University of Pennsylvania,SPECIALIZATION,4.8,Intermediate,8.7k
128,Interaction Design,University of California San Diego,SPECIALIZATION,4.5,Intermediate,150k
762,Intercultural Management,ESCP Business School,COURSE,4.6,Beginner,6.5k
451,International Business Essentials,University of London,SPECIALIZATION,4.5,Intermediate,22k
701,International Cyber Conflicts,The State University of New York,COURSE,4.4,Mixed,25k
404,International Humanitarian Law in Theory and Practice,Kalshoven-Gieskes Forum,COURSE,4.8,Beginner,22k
579,International Law in Action: A Guide to the International Courts and Tribunals in The Hague,Universiteit Leiden,COURSE,4.8,Mixed,36k
280,International Law in Action: the Arbitration of International Disputes,Universiteit Leiden,COURSE,4.8,Mixed,19k
228,International Leadership and Organizational Behavior,Università Bocconi,COURSE,4.8,Mixed,41k
615,International Marketing & Cross Industry Growth,Yonsei University,SPECIALIZATION,4.6,Beginner,26k
346,International Organizations Management,University of Geneva,COURSE,4.8,Beginner,20k
447,International Security Management,Erasmus University Rotterdam,COURSE,4.5,Beginner,2.2k
193,International Women's Health and Human Rights,Stanford University,COURSE,4.9,Beginner,35k
593,International migrations: a global issue,Sciences Po,COURSE,4.6,Beginner,11k
667,Internet Connection: How to Get Online?,Cisco,COURSE,4.7,Beginner,36k
834,Internet Giants: The Law and Economics of Media Platforms,The University of Chicago,COURSE,4.8,Mixed,38k
582,Interviewing and Resume Writing in English,"University of Maryland, College Park",SPECIALIZATION,4.6,Intermediate,66k
495,Introducción a Data Science: Programación Estadística con R,Universidad Nacional Autónoma de México,COURSE,4.7,Beginner,140k
327,Introducción a la programación en Python I: Aprendiendo a programar con Python,Pontificia Universidad Católica de Chile,COURSE,4.4,Beginner,100k
844,Introduction aux Droits de l’Homme,University of Geneva,COURSE,4.8,Mixed,46k
830,Introduction to Ableton Live,Berklee College of Music,COURSE,4.8,Mixed,60k
427,Introduction to Artificial Intelligence (AI),IBM,COURSE,4.7,Beginner,44k
862,Introduction to Big Data,University of California San Diego,COURSE,4.6,Mixed,160k
608,Introduction to Blockchain Technologies,INSEAD,COURSE,4.7,Beginner,16k
620,Introduction to Breast Cancer,Yale University,COURSE,4.9,Mixed,27k
713,Introduction to Business Analytics: Communicating with Data,University of Illinois at Urbana-Champaign,COURSE,4.7,Intermediate,14k
664,Introduction to CSS3,University of Michigan,COURSE,4.8,Mixed,84k
412,Introduction to Calculus,The University of Sydney,COURSE,4.8,Intermediate,53k
879,Introduction to Chemistry:  Reactions and Ratios,Duke University,COURSE,4.8,Beginner,46k
421,Introduction to Classical Music,Yale University,COURSE,4.9,Mixed,150k
594,Introduction to Cloud Computing,IBM,COURSE,4.6,Beginner,2.6k
780,Introduction to Computer Programming,"Goldsmiths, University of London",COURSE,4.3,Beginner,20k
254,Introduction to Computer Science and Programming,"Goldsmiths, University of London",SPECIALIZATION,4.3,Beginner,32k
336,Introduction to Corporate Finance,University of Pennsylvania,COURSE,4.6,Mixed,130k
723,Introduction to Cyber Attacks,New York University,COURSE,4.7,Beginner,27k
183,Introduction to Cyber Security,New York University,SPECIALIZATION,4.7,Beginner,32k
469,Introduction to Cybersecurity Tools & Cyber Attacks,IBM,COURSE,4.5,Beginner,30k
548,Introduction to Data Analysis Using Excel,Rice University,COURSE,4.7,Mixed,99k
1,Introduction to Data Science,IBM,SPECIALIZATION,4.6,Beginner,310k
187,Introduction to Data Science in Python,University of Michigan,COURSE,4.5,Intermediate,390k
253,Introduction to Dental Medicine,University of Pennsylvania,COURSE,4.8,Beginner,25k
196,Introduction to Discrete Mathematics for Computer Science,National Research University Higher School of Economics,SPECIALIZATION,4.4,Beginner,75k
745,Introduction to Electronics,Georgia Institute of Technology,COURSE,4.7,Mixed,110k
649,Introduction to Embedded Systems Software and Development Environments,University of Colorado Boulder,COURSE,4.5,Intermediate,41k
628,Introduction to Engineering Mechanics,Georgia Institute of Technology,COURSE,4.7,Mixed,150k
511,Introduction to Environmental Law and Policy,The University of North Carolina at Chapel Hill,COURSE,4.8,Mixed,34k
204,Introduction to Financial Accounting,University of Pennsylvania,COURSE,4.7,Mixed,200k
377,Introduction to Forensic Science,"Nanyang Technological University, Singapore",COURSE,4.9,Mixed,47k
850,Introduction to Game Development,Michigan State University,COURSE,4.8,Mixed,79k
499,Introduction to Genetics and Evolution,Duke University,COURSE,4.8,Mixed,74k
878,Introduction to Genomic Technologies,Johns Hopkins University,COURSE,4.6,Mixed,42k
307,Introduction to HTML5,University of Michigan,COURSE,4.7,Mixed,220k
774,Introduction to Imagemaking,California Institute of the Arts,COURSE,4.5,Beginner,54k
689,Introduction to Intellectual Property,University of Pennsylvania,COURSE,4.8,Beginner,6k
417,Introduction to International Criminal Law,Case Western Reserve University,COURSE,4.8,Mixed,82k
136,Introduction to Marketing,University of Pennsylvania,COURSE,4.8,Mixed,220k
340,Introduction to Mathematical Thinking,Stanford University,COURSE,4.8,Intermediate,270k
533,Introduction to Operations Management,University of Pennsylvania,COURSE,4.5,Mixed,87k
542,Introduction to Personal Branding,University of Virginia,COURSE,4.4,Beginner,140k
235,Introduction to Philosophy,The University of Edinburgh,COURSE,4.6,Mixed,370k
617,Introduction to Portfolio Construction and Analysis with Python,EDHEC Business School,COURSE,4.8,Mixed,11k
473,Introduction to Probability and Data,Duke University,COURSE,4.7,Beginner,160k
190,Introduction to Programming in C,Duke University,SPECIALIZATION,4.7,Beginner,82k
308,Introduction to Programming with MATLAB,Vanderbilt University,COURSE,4.8,Beginner,270k
29,Introduction to Psychology,Yale University,COURSE,4.9,Beginner,270k
293,Introduction to Scripting in Python,Rice University,SPECIALIZATION,4.7,Beginner,49k
729,Introduction to Self-Driving Cars,University of Toronto,COURSE,4.8,Advanced,39k
339,Introduction to Spreadsheets and Models,University of Pennsylvania,COURSE,4.2,Mixed,76k
766,Introduction to Statistics & Data Analysis in Public Health,Imperial College London,COURSE,4.7,Beginner,12k
312,Introduction to Sustainability,University of Illinois at Urbana-Champaign,COURSE,4.8,Mixed,69k
250,Introduction to Systematic Review and Meta-Analysis,Johns Hopkins University,COURSE,4.8,Mixed,67k
758,Introduction to Systems Engineering,UNSW Sydney (The University of New South Wales),COURSE,4.7,Mixed,33k
230,"Introduction to TensorFlow for Artificial Intelligence, Machine Learning, and Deep Learning",deeplearning.ai,COURSE,4.7,Intermediate,150k
735,Introduction to Thermodynamics: Transferring Energy from Here to There,University of Michigan,COURSE,4.8,Beginner,4.1k
659,"Introduction to Trading, Machine Learning & GCP",New York Institute of Finance,COURSE,4,Intermediate,13k
557,Introduction to Typography,California Institute of the Arts,COURSE,4.8,Beginner,72k
428,Introduction to User Experience Design,Georgia Institute of Technology,COURSE,4.5,Beginner,87k
744,Introduction to User Experience Principles and Processes,University of Michigan,COURSE,4.8,Beginner,16k
625,Introduction to Web Development,"University of California, Davis",COURSE,4.7,Beginner,76k
194,Introduction to the Biology of Cancer,Johns Hopkins University,COURSE,4.8,Beginner,110k
270,Introductory Human Physiology,Duke University,COURSE,4.7,Mixed,270k
741,Introdução aos Princípios e Práticas da Gestão De Projetos,Universidade de São Paulo,SPECIALIZATION,4.9,Beginner,4.5k
866,Introdução à Ciência da Computação com Python Parte 1,Universidade de São Paulo,COURSE,4.9,Beginner,120k
80,Investment Management,University of Geneva,SPECIALIZATION,4.7,Beginner,99k
147,Investment Management with Python and Machine Learning,EDHEC Business School,SPECIALIZATION,4.6,Beginner,14k
195,Investment and Portfolio Management,Rice University,SPECIALIZATION,4.5,Beginner,49k
639,Japanese for beginners 1,Saint Petersburg State University,COURSE,4.6,Beginner,4.4k
45,Java Programming and Software Engineering Fundamentals,Duke University,SPECIALIZATION,4.6,Beginner,380k
518,Java Programming: Solving Problems with Software,Duke University,COURSE,4.6,Beginner,160k
586,Julia Scientific Programming,University of Cape Town,COURSE,4.5,Beginner,22k
546,Kotlin for Java Developers,JetBrains,COURSE,4.7,Intermediate,37k
516,L'excellence opérationnelle en pratique,ESSEC Business School,COURSE,4.7,Beginner,8k
750,"L'impact investing, la finance qui change le monde",ESSEC Business School,SPECIALIZATION,4.6,Beginner,6.3k
654,Leadership Development for Engineers,Rice University,SPECIALIZATION,4.7,Beginner,17k
577,Leadership in 21st Century Organizations,Copenhagen Business School,COURSE,4.7,Mixed,34k
656,Leading Healthcare Quality and Safety,The George Washington University,COURSE,4.8,Beginner,16k
61,Leading People and Teams,University of Michigan,SPECIALIZATION,4.7,Beginner,220k
755,"Leading for Equity, Diversity and Inclusion in Higher Education",University of Michigan,COURSE,4.7,Intermediate,5.9k
433,Leading: Human Resource Management and Leadership,Macquarie University,SPECIALIZATION,4.8,Intermediate,16k
155,Learn Chinese: HSK Test Preparation,Peking University,SPECIALIZATION,4.8,Beginner,43k
786,Learn English,Tsinghua University,SPECIALIZATION,4.3,Beginner,22k
394,Learn English: Advanced Academic Speaking and Listening,"University of California, Irvine",SPECIALIZATION,4.5,Intermediate,78k
271,Learn English: Advanced Grammar and Punctuation,"University of California, Irvine",SPECIALIZATION,4.8,Advanced,52k
172,Learn English: Intermediate Grammar,"University of California, Irvine",SPECIALIZATION,4.7,Intermediate,120k
360,Learn Mandarin Chinese,Shanghai Jiao Tong University,SPECIALIZATION,4.8,Beginner,39k
74,Learn SQL Basics for Data Science,"University of California, Davis",SPECIALIZATION,4.6,Beginner,160k
112,Learn Spanish: Basic Spanish Vocabulary,"University of California, Davis",SPECIALIZATION,4.6,Beginner,80k
260,Learn to Program: The Fundamentals,University of Toronto,COURSE,4.8,Beginner,180k
311,Learn to Speak Korean 1,Yonsei University,COURSE,4.9,Beginner,120k
90,Learning to Teach Online,UNSW Sydney (The University of New South Wales),COURSE,4.7,Beginner,68k
839,Legal Tech & Startups,IE Business School,COURSE,4.5,Intermediate,7.2k
541,Les Fondamentaux de la Négociation,ESSEC Business School,COURSE,4.7,Beginner,10k
699,Liderazgo efectivo para el siglo XXI,Universidad de los Andes,SPECIALIZATION,4.8,Intermediate,23k
843,Linear Circuits 1: DC Analysis,Georgia Institute of Technology,COURSE,4.6,Mixed,29k
769,Love as a Force for Social Justice,Stanford University,COURSE,4.7,Beginner,14k
181,Machine Learning,University of Washington,SPECIALIZATION,4.6,Intermediate,290k
6,Machine Learning,Stanford University,COURSE,4.9,Mixed,3.2m
831,Machine Learning Foundations: A Case Study Approach,University of Washington,COURSE,4.6,Mixed,240k
352,Machine Learning and Reinforcement Learning in Finance,New York University,SPECIALIZATION,3.7,Intermediate,29k
585,Machine Learning for All,University of London,COURSE,4.6,Beginner,19k
264,Machine Learning for Business Professionals,Google Cloud,COURSE,4.6,Intermediate,58k
178,Machine Learning for Trading,Google Cloud,SPECIALIZATION,3.9,Intermediate,15k
321,Machine Learning with Python,IBM,COURSE,4.7,Intermediate,120k
125,Machine Learning with TensorFlow on Google Cloud Platform,Google Cloud,SPECIALIZATION,4.5,Intermediate,72k
791,Magic in the Middle Ages,Universitat de Barcelona,COURSE,4.6,Beginner,78k
435,Making Architecture,IE School of Architecture & Design,COURSE,4.7,Beginner,43k
73,Management of Fashion and Luxury Companies,Università Bocconi,COURSE,4.7,Mixed,120k
467,Managerial Accounting Fundamentals,University of Virginia,COURSE,4.9,Beginner,11k
409,Managerial Economics and Business Analysis,University of Illinois at Urbana-Champaign,SPECIALIZATION,4.7,Beginner,55k
91,Managing Innovation and Design Thinking,HEC Paris,SPECIALIZATION,4.7,Beginner,23k
556,Managing Project Risks and Changes,"University of California, Irvine",COURSE,4.7,Mixed,71k
558,Managing Social and Human Capital,University of Pennsylvania,COURSE,4.5,Beginner,27k
796,Managing Your Health: The Role of Physical Therapy and Exercise,University of Toronto,COURSE,4.6,Beginner,47k
380,Market Research,"University of California, Davis",SPECIALIZATION,4.5,Beginner,22k
241,Marketing Digital,Universidade de São Paulo,COURSE,4.8,Beginner,81k
325,Marketing Digital,Universidad Austral,SPECIALIZATION,4.7,Beginner,39k
449,Marketing Gerencial,Universidad de Chile,COURSE,4.7,Intermediate,49k
140,Marketing Mix Implementation,IE Business School,SPECIALIZATION,4.6,Beginner,93k
211,Marketing Strategy,IE Business School,SPECIALIZATION,4.4,Beginner,57k
669,Marketing Verde,Universidad de los Andes,COURSE,4.8,Mixed,58k
367,Marketing con Redes Sociales,Tecnológico de Monterrey,SPECIALIZATION,4.4,Intermediate,60k
310,Marketing in a Digital World,University of Illinois at Urbana-Champaign,COURSE,4.7,Beginner,310k
550,Mastering Data Analysis in Excel,Duke University,COURSE,4.2,Mixed,280k
575,Mastering Final Cut Pro,LearnQuest,COURSE,4.6,Beginner,8.4k
563,Mastering Software Development in R,Johns Hopkins University,SPECIALIZATION,4.3,Beginner,52k
840,Materials Science: 10 Things Every Engineer Should Know,"University of California, Davis",COURSE,4.7,Mixed,48k
480,Mathematics for Data Science,National Research University Higher School of Economics,SPECIALIZATION,4.5,Beginner,12k
55,Mathematics for Machine Learning,Imperial College London,SPECIALIZATION,4.6,Beginner,150k
223,Mathematics for Machine Learning: Linear Algebra,Imperial College London,COURSE,4.7,Beginner,140k
528,Mathematics for Machine Learning: Multivariate Calculus,Imperial College London,COURSE,4.7,Beginner,51k
873,Mathematics for Machine Learning: PCA,Imperial College London,COURSE,4,Intermediate,33k
335,Medical Cannabis: The Health Effects of THC and CBD,University of Colorado Boulder,SPECIALIZATION,4.8,Beginner,4.8k
214,Medical Neuroscience,Duke University,COURSE,4.9,Advanced,170k
258,Memoir and Personal Essay: Write About Yourself,Wesleyan University,SPECIALIZATION,4.3,Beginner,13k
87,Methods and Statistics in Social Sciences,University of Amsterdam,SPECIALIZATION,4.6,Beginner,260k
489,Microeconomics Principles,University of Illinois at Urbana-Champaign,COURSE,4.9,Beginner,73k
464,Microeconomics: The Power of Markets,University of Pennsylvania,COURSE,4.7,Mixed,34k
470,Mindshift: Break Through Obstacles to Learning and Discover Your Hidden Potential,McMaster University,COURSE,4.8,Beginner,230k
517,Miracles of Human Language: An Introduction to Linguistics,Universiteit Leiden,COURSE,4.7,Beginner,120k
505,Model Thinking,University of Michigan,COURSE,4.8,Mixed,130k
706,Modeling Risk and Realities,University of Pennsylvania,COURSE,4.6,Mixed,36k
101,Modern Art & Ideas,The Museum of Modern Art,COURSE,4.7,Beginner,310k
296,Modern Big Data Analysis with SQL,Cloudera,SPECIALIZATION,4.8,Beginner,14k
333,"Modern Robotics:  Mechanics, Planning, and Control",Northwestern University,SPECIALIZATION,4.7,Intermediate,21k
523,Modernizing Data Lakes and Data Warehouses with GCP,Google Cloud,COURSE,4.7,Intermediate,9.1k
176,Moral Foundations of Politics,Yale University,COURSE,4.8,Mixed,100k
481,More Introduction to Financial Accounting,University of Pennsylvania,COURSE,4.9,Mixed,40k
652,Mountains 101,University of Alberta,COURSE,4.9,Mixed,44k
597,Municipal Solid Waste Management in Developing Countries,École Polytechnique Fédérale de Lausanne,COURSE,4.8,Intermediate,59k
188,Music Business,Berklee College of Music,SPECIALIZATION,4.8,Beginner,42k
784,Music Business Foundations,Berklee College of Music,COURSE,4.9,Mixed,34k
94,Music Production,Berklee College of Music,SPECIALIZATION,4.8,Beginner,70k
685,Nanotechnology: A Maker’s Course,Duke University,COURSE,4.8,Mixed,21k
431,Natural Language Processing in TensorFlow,deeplearning.ai,COURSE,4.6,Intermediate,40k
341,Negociación exitosa: Estrategias y habilidades esenciales (en español),University of Michigan,COURSE,4.8,Mixed,95k
226,"Negotiation, Mediation and Conflict Resolution",ESSEC Business School,SPECIALIZATION,4.7,Beginner,22k
842,Networking and Security Architecture with VMware NSX,VMware,COURSE,4.8,Intermediate,17k
20,Networking in Google Cloud,Google Cloud,SPECIALIZATION,4.7,Intermediate,290k
62,Neural Networks and Deep Learning,deeplearning.ai,COURSE,4.9,Intermediate,630k
471,Neurolinguistics,Saint Petersburg State University,COURSE,4.7,Mixed,41k
795,New Approaches to Countering Terror: Countering Violent Extremism,"University of Maryland, College Park",COURSE,4.7,Beginner,12k
343,Newborn Baby Care,University of Colorado System,SPECIALIZATION,4.8,Beginner,5.3k
252,Nutrición y obesidad: control de sobrepeso,Universidad Nacional Autónoma de México,COURSE,4.8,Beginner,100k
535,Nutrition and Lifestyle in Pregnancy,Ludwig-Maximilians-Universität München (LMU),COURSE,4.8,Intermediate,35k
255,Object Oriented Java Programming: Data Structures and Beyond,University of California San Diego,SPECIALIZATION,4.7,Intermediate,250k
86,Object Oriented Programming in Java,Duke University,SPECIALIZATION,4.6,Beginner,330k
510,Object-Oriented Data Structures in C++,University of Illinois at Urbana-Champaign,COURSE,4.7,Intermediate,21k
887,Object-Oriented Design,University of Alberta,COURSE,4.7,Intermediate,33k
323,Oil & Gas Industry Operations and Markets,Duke University,COURSE,4.8,Mixed,57k
416,"Open Source Software Development, Linux and Git",The Linux Foundation,SPECIALIZATION,4.4,Beginner,13k
316,Operating Systems and You: Becoming a Power User,Google,COURSE,4.6,Beginner,76k
398,Operations Analytics,University of Pennsylvania,COURSE,4.7,Mixed,80k
472,Optical Engineering,University of Colorado Boulder,SPECIALIZATION,4.2,Advanced,6.2k
116,Organizational Leadership,Northwestern University,SPECIALIZATION,4.7,Intermediate,92k
867,Osteoarchaeology: The Truth in Our Bones,Universiteit Leiden,COURSE,4.7,Beginner,22k
765,Palliative Care: It's Not Just Hospice Anymore,University of Colorado System,SPECIALIZATION,4.8,Beginner,3.2k
526,Palo Alto Networks Cybersecurity,Palo Alto Networks,SPECIALIZATION,4.6,Beginner,9.1k
445,"Parallel, Concurrent, and Distributed Programming in Java",Rice University,SPECIALIZATION,4.5,Intermediate,30k
872,Particle Physics: an Introduction,University of Geneva,COURSE,4.5,Mixed,42k
309,Patient Safety,Johns Hopkins University,SPECIALIZATION,4.8,Beginner,8.8k
810,Patrocinio Deportivo,Universitat Autònoma de Barcelona,COURSE,4.6,Beginner,12k
362,People Analytics,University of Pennsylvania,COURSE,4.5,Mixed,84k
665,Perfect Tenses and Modals,"University of California, Irvine",COURSE,4.7,Intermediate,79k
668,Periodismo digital y combate a las fake news,Universidad Nacional Autónoma de México,COURSE,4.9,Beginner,8.9k
105,Photography Basics and Beyond: From Smartphone to DSLR,Michigan State University,SPECIALIZATION,4.7,Beginner,160k
503,Plant Bioinformatic Methods,University of Toronto,SPECIALIZATION,4.7,Beginner,83k
477,Politics and Economics of International Energy,Sciences Po,COURSE,4.7,Beginner,34k
216,Positive Psychiatry and Mental Health,The University of Sydney,COURSE,4.8,Mixed,72k
291,Positive Psychology,The University of North Carolina at Chapel Hill,COURSE,4.7,Mixed,180k
606,Positive Psychology: Applications and Interventions,University of Pennsylvania,COURSE,4.8,Beginner,23k
240,Positive Psychology: Martin E. P. Seligman’s Visionary Science,University of Pennsylvania,COURSE,4.8,Beginner,50k
646,Positive Psychology: Resilience Skills,University of Pennsylvania,COURSE,4.6,Beginner,40k
348,Power Electronics,University of Colorado Boulder,SPECIALIZATION,4.8,Intermediate,67k
320,Practical Data Science with MATLAB,MathWorks,SPECIALIZATION,4.7,Beginner,10k
692,Practical Time Series Analysis,The State University of New York,COURSE,4.6,Intermediate,39k
808,Preparing for the Google Cloud Associate Cloud Engineer Exam,Google Cloud,COURSE,4.7,Beginner,22k
389,Preparing to Manage Human Resources,University of Minnesota,COURSE,4.8,Mixed,68k
299,"Presentation Skills: Speechwriting, Slides and Delivery",E-Learning Development Fund,SPECIALIZATION,4.6,Beginner,47k
215,Pricing Strategy Optimization,BCG,SPECIALIZATION,4.8,Beginner,20k
57,Primeros Auxilios Psicológicos (PAP),Universitat Autònoma de Barcelona,COURSE,4.8,Mixed,280k
114,Private Equity and Venture Capital,Università Bocconi,COURSE,4.8,Mixed,79k
683,Probabilistic Graphical Models 1: Representation,Stanford University,COURSE,4.7,Advanced,68k
715,Probability and Statistics: To p or not to p?,University of London,COURSE,4.6,Beginner,36k
626,Process Mining: Data science in Action,Eindhoven University of Technology,COURSE,4.8,Intermediate,39k
364,"Programming Foundations with JavaScript, HTML and CSS",Duke University,COURSE,4.6,Beginner,250k
732,Programming Fundamentals,Duke University,COURSE,4.7,Beginner,19k
47,Programming for Everybody (Getting Started with Python),University of Michigan,COURSE,4.8,Mixed,1.3m
208,Programming with Google Go,"University of California, Irvine",SPECIALIZATION,4.6,Intermediate,18k
731,Project Execution,"University of California, Irvine",COURSE,4.2,Beginner,70k
284,Project Launch,"University of California, Irvine",COURSE,4.7,Beginner,190k
31,Project Management & Other Tools for Career Development,"University of California, Irvine",SPECIALIZATION,4.6,Beginner,440k
30,Project Management Principles and Practices,"University of California, Irvine",SPECIALIZATION,4.7,Beginner,230k
37,Psychological First Aid,Johns Hopkins University,COURSE,4.8,Mixed,190k
424,Public Policy Challenges of the 21st Century,University of Virginia,COURSE,4.6,Beginner,52k
279,Python Basics,University of Michigan,COURSE,4.8,Beginner,110k
869,Python Classes and Inheritance,University of Michigan,COURSE,4.7,Intermediate,21k
111,Python Data Structures,University of Michigan,COURSE,4.9,Mixed,420k
555,"Python Functions, Files, and Dictionaries",University of Michigan,COURSE,4.8,Beginner,26k
374,Python and Statistics for Financial Analysis,The Hong Kong University of Science and Technology,COURSE,4.4,Intermediate,41k
152,Python for Data Science and AI,IBM,COURSE,4.6,Beginner,170k
3,Python for Everybody,University of Michigan,SPECIALIZATION,4.8,Beginner,1.5m
823,Quantitative Methods,University of Amsterdam,COURSE,4.7,Mixed,69k
827,Queering Identities: LGBTQ+ Sexuality and Gender Identity,University of Colorado System,COURSE,4.9,Beginner,3k
317,R Programming,Johns Hopkins University,COURSE,4.6,Intermediate,480k
771,"Ready, Set, Future! Introduction to Futures Thinking",Institute for the Future,COURSE,4.8,Beginner,7.7k
553,Recommender Systems,University of Minnesota,SPECIALIZATION,4.3,Intermediate,29k
658,"Recruiting, Hiring, and Onboarding Employees",University of Minnesota,COURSE,4.7,Mixed,35k
82,Reinforcement Learning,University of Alberta,SPECIALIZATION,4.7,Intermediate,23k
532,Renewable Energy and Green Building Entrepreneurship,Duke University,COURSE,4.7,Beginner,24k
634,Reporting extra-financier et stratégie RSE,ESSEC Business School,COURSE,4.7,Beginner,5.2k
868,Requirements Engineering: Secure Software  Specifications,University of Colorado System,SPECIALIZATION,4.6,Beginner,7.2k
876,Research Data Management and Sharing,The University of Edinburgh,COURSE,4.6,Mixed,16k
622,"Resilience in Children Exposed to Trauma, Disaster and War: Global Perspectives",University of Minnesota,COURSE,4.8,Mixed,15k
289,Responsive Website Development and Design,"Goldsmiths, University of London",SPECIALIZATION,4.5,Beginner,170k
414,Rethinking International Tax Law,Universiteit Leiden,COURSE,4.9,Mixed,36k
386,Revisão Sistemática e Meta-análise,Universidade Estadual de Campinas,COURSE,4.9,Intermediate,17k
315,Robotics,University of Pennsylvania,SPECIALIZATION,4.4,Beginner,120k
632,Roman Architecture,Yale University,COURSE,4.9,Beginner,30k
833,Russian Alphabet,Saint Petersburg State University,COURSE,4.7,Beginner,3.2k
180,Russian for beginners А1. Русский язык: A1,Saint Petersburg State University,SPECIALIZATION,4.7,Beginner,7k
331,Réussir le Changement,ESSEC Business School,COURSE,4.5,Mixed,33k
160,SAS Programmer,SAS,PROFESSIONAL CERTIFICATE,4.8,Beginner,370k
393,SAS Visual Business Analytics,SAS,PROFESSIONAL CERTIFICATE,4.6,Beginner,2.6k
332,SQL for Data Science,"University of California, Davis",COURSE,4.6,Beginner,160k
601,Sales Operations/Management,West Virginia University,SPECIALIZATION,4.4,Beginner,5.6k
781,Sales Training for High Performing Teams,HubSpot Academy,SPECIALIZATION,4.7,Beginner,16k
763,Sample-based Learning Methods,University of Alberta,COURSE,4.8,Intermediate,6.8k
860,Scaling Operations: Linking Strategy and Execution,Northwestern University,COURSE,4.5,Mixed,12k
368,School Health for Children and Adolescents,University of Colorado System,SPECIALIZATION,4.8,Beginner,9.1k
121,Science of Exercise,University of Colorado Boulder,COURSE,4.8,Beginner,140k
629,Search Engine Optimization Fundamentals,"University of California, Davis",COURSE,4.7,Mixed,47k
836,Secure Coding Practices,"University of California, Davis",SPECIALIZATION,4.4,Intermediate,6.4k
712,Security & Safety Challenges in a Globalized World,Universiteit Leiden,COURSE,4.7,Beginner,14k
19,Security in Google Cloud Platform,Google Cloud,SPECIALIZATION,4.7,Intermediate,300k
154,Self-Driving Cars,University of Toronto,SPECIALIZATION,4.7,Advanced,39k
285,Sequence Models,deeplearning.ai,COURSE,4.8,Intermediate,14k
772,Sexualidad...mucho más que sexo,Universidad de los Andes,COURSE,4.8,Beginner,110k
695,Sharpened Visions: A Poetry Workshop,California Institute of the Arts,COURSE,4.7,Beginner,61k
304,Site Reliability Engineering: Measuring and Managing Reliability,Google Cloud,COURSE,4.5,Advanced,16k
167,Six Sigma Green Belt,University System of Georgia,SPECIALIZATION,4.7,Intermediate,18k
792,Six Sigma and the Organization (Advanced),University System of Georgia,COURSE,4.7,Intermediate,15k
814,"Sleep: Neurobiology, Medicine, and Society",University of Michigan,COURSE,4.8,Beginner,20k
660,Smart Cities – Management of Smart Urban Infrastructures,École Polytechnique Fédérale de Lausanne,COURSE,4.6,Beginner,22k
817,Social Entrepreneurship,Copenhagen Business School,SPECIALIZATION,4.6,Beginner,13k
49,Social Media Marketing,Northwestern University,SPECIALIZATION,4.6,Beginner,130k
440,"Social Norms, Social Change I",University of Pennsylvania,COURSE,4.6,Beginner,78k
574,Social Policy for Social Services & Health Practitioners,Columbia University,SPECIALIZATION,4.8,Beginner,4.2k
83,Social Psychology,Wesleyan University,COURSE,4.7,Beginner,220k
506,Social and Economic Networks:  Models and Analysis,Stanford University,COURSE,4.8,Advanced,42k
186,Software Design and Architecture,University of Alberta,SPECIALIZATION,4.6,Beginner,60k
402,Software Development Lifecycle,University of Minnesota,SPECIALIZATION,4.6,Intermediate,34k
859,Software Processes and Agile Practices,University of Alberta,COURSE,4.7,Mixed,60k
64,Software Product Management,University of Alberta,SPECIALIZATION,4.6,Beginner,110k
515,Solar Energy Basics,The State University of New York,COURSE,4.8,Beginner,17k
600,Songwriting: Writing the Lyrics,Berklee College of Music,COURSE,4.8,Beginner,68k
363,Soporte de Tecnologías de la Información de Google,Crece con Google,PROFESSIONAL CERTIFICATE,4.9,Beginner,8.8k
754,Spacecraft Dynamics and Control,University of Colorado Boulder,SPECIALIZATION,4.8,Advanced,12k
504,Spanish Vocabulary: Meeting People,"University of California, Davis",COURSE,4.6,Beginner,71k
334,"Speak English Professionally: In Person, Online & On the Phone",Georgia Institute of Technology,COURSE,4.6,Mixed,430k
200,Sports Marketing,Northwestern University,COURSE,4.7,Intermediate,12k
580,Sports and Society,Duke University,COURSE,4.8,Mixed,16k
68,Stanford Introduction to Food and Health,Stanford University,COURSE,4.7,Beginner,370k
680,Stanford's Short Course on Breastfeeding,Stanford University,COURSE,4.7,Beginner,17k
170,Statistical Analysis with R for Public Health,Imperial College London,SPECIALIZATION,4.7,Beginner,16k
127,Statistics with Python,University of Michigan,SPECIALIZATION,4.6,Beginner,34k
84,Statistics with R,Duke University,SPECIALIZATION,4.7,Beginner,220k
657,Stories of Infection,Stanford University,COURSE,4.9,Intermediate,28k
648,Strategic Business Analytics,ESSEC Business School,SPECIALIZATION,4.3,Advanced,60k
822,Strategic Business Management - Microeconomics,"University of California, Irvine",COURSE,4.7,Beginner,9.5k
93,Strategic Leadership and Management,University of Illinois at Urbana-Champaign,SPECIALIZATION,4.7,Beginner,100k
801,Strategic Management,Copenhagen Business School,COURSE,4.7,Mixed,58k
202,Strategic Management and Innovation,Copenhagen Business School,SPECIALIZATION,4.7,Beginner,68k
592,Strategic Sales Management,Fundação Instituto de Administração,SPECIALIZATION,4.5,Intermediate,9.2k
798,Strategising: Management for Global Competitive Advantage,Macquarie University,SPECIALIZATION,4.8,Intermediate,30k
749,Strategy and Sustainability,IESE Business School,COURSE,4.6,Beginner,11k
189,Structuring Machine Learning Projects,deeplearning.ai,COURSE,4.8,Beginner,220k
455,Success,University of Pennsylvania,COURSE,4.8,Beginner,38k
40,Successful Negotiation: Essential Strategies and Skills,University of Michigan,COURSE,4.8,Mixed,750k
588,Summary Statistics in Public Health,Johns Hopkins University,COURSE,4.8,Beginner,11k
483,Supply Chain Analytics,Rutgers the State University of New Jersey,COURSE,4.7,Beginner,7.9k
432,Supply Chain Finance and Blockchain Technology,New York Institute of Finance,SPECIALIZATION,4.6,Intermediate,4.9k
384,Supply Chain Logistics,Rutgers the State University of New Jersey,COURSE,4.7,Beginner,66k
50,Supply Chain Management,Rutgers the State University of New Jersey,SPECIALIZATION,4.7,Beginner,82k
760,Supply Chain Operations,Rutgers the State University of New Jersey,COURSE,4.8,Beginner,24k
306,Supply Chain Principles,Georgia Institute of Technology,COURSE,4.6,Mixed,29k
328,Supporting children with difficulties in reading and writing,UCL Institute of Education,COURSE,4.8,Mixed,50k
344,Survey Data Collection and Analytics,"University of Maryland, College Park",SPECIALIZATION,4.3,Beginner,45k
583,Sustainable Tourism – promoting environmental public health,University of Copenhagen,COURSE,4.6,Beginner,9.4k
387,Swift 5 iOS Application Developer,LearnQuest,SPECIALIZATION,4.5,Beginner,3.9k
403,System Administration and IT Infrastructure Services,Google,COURSE,4.7,Beginner,62k
484,Systems Biology and Biotechnology,Icahn School of Medicine at Mount Sinai,SPECIALIZATION,4.4,Intermediate,48k
647,Systems Thinking In Public Health,Johns Hopkins University,COURSE,4.9,Mixed,33k
67,"TESOL Certificate, Part 1: Teach English Now!",Arizona State University,SPECIALIZATION,4.9,Beginner,100k
234,"TESOL Certificate, Part 2: Teach English Now!",Arizona State University,SPECIALIZATION,4.9,Beginner,62k
559,Teach English Now! Foundational Principles,Arizona State University,COURSE,4.9,Mixed,81k
807,Teach English Now! Teaching Language Online,Arizona State University,COURSE,4.4,Intermediate,8.5k
788,Teaching Character and Creating Positive Classrooms,Relay Graduate School of Education,COURSE,4.8,Mixed,53k
466,Teamwork Skills: Communicating Effectively in Groups,University of Colorado Boulder,COURSE,4.8,Beginner,49k
41,Technical Support Fundamentals,Google,COURSE,4.8,Beginner,280k
27,TensorFlow in Practice,deeplearning.ai,SPECIALIZATION,4.7,Intermediate,170k
217,TensorFlow: Data and Deployment,deeplearning.ai,SPECIALIZATION,4.5,Intermediate,12k
298,Terrorism and Counterterrorism: Comparing Theory and Practice,Universiteit Leiden,COURSE,4.8,Beginner,90k
460,The Addicted Brain,Emory University,COURSE,4.6,Beginner,130k
507,The Art of Music Production,Berklee College of Music,COURSE,4.8,Intermediate,47k
133,The Art of Sales: Mastering the Selling Process,Northwestern University,SPECIALIZATION,4.7,Beginner,23k
375,The Arts and Science of Relationships: Understanding Human Needs,University of Toronto,COURSE,4.5,Beginner,73k
135,The Bits and Bytes of Computer Networking,Google,COURSE,4.7,Beginner,130k
65,The Business of Health Care,University of Pennsylvania,SPECIALIZATION,4.6,Beginner,22k
97,The Business of Music Production,Berklee College of Music,SPECIALIZATION,4.8,Beginner,84k
768,The Changing Global Order,Universiteit Leiden,COURSE,4.7,Intermediate,23k
759,The Cycle: Management of Successful Arts and Cultural Organizations,"University of Maryland, College Park",COURSE,4.8,Beginner,11k
81,The DIY Musician,Berklee College of Music,SPECIALIZATION,4.8,Beginner,120k
243,The Data Scientist’s Toolbox,Johns Hopkins University,COURSE,4.6,Mixed,420k
864,The Economics of Health Care Delivery,University of Pennsylvania,COURSE,4.8,Mixed,7.2k
274,The Global Financial Crisis,Yale University,COURSE,4.8,Mixed,84k
587,The Horse Course: Introduction to Basic Care and Management,University of Florida,COURSE,4.9,Mixed,29k
282,The Manager's Toolkit: A Practical Guide to Managing People at Work,"Birkbeck, University of London",COURSE,4.6,Mixed,47k
357,"The Modern World, Part One: Global History from 1760 to 1910",University of Virginia,COURSE,4.8,Beginner,130k
671,"The Modern World, Part Two: Global History since 1910",University of Virginia,COURSE,4.8,Beginner,47k
576,The Oral Cavity: Portal to Health and Disease,University of Pennsylvania,COURSE,4.9,Intermediate,9.4k
272,The Power of Macroeconomics: Economic Principles in the Real World,"University of California, Irvine",COURSE,4.6,Mixed,180k
534,The Power of Microeconomics: Economic Principles in the Real World,"University of California, Irvine",COURSE,4.7,Mixed,120k
826,The Pronunciation of American English,"University of California, Irvine",SPECIALIZATION,4.6,Beginner,1.7k
818,The Science of Gastronomy,The Hong Kong University of Science and Technology,COURSE,4.6,Mixed,50k
690,The Science of Stem Cells,American Museum of Natural History,COURSE,4.7,Intermediate,12k
696,The Science of Success: What Researchers Know that You Should Know,University of Michigan,COURSE,4.8,Beginner,59k
524,The Science of Training Young Athletes,University of Florida,COURSE,4.9,Beginner,13k
2,The Science of Well-Being,Yale University,COURSE,4.9,Mixed,2.5m
118,The Singer Songwriter,Berklee College of Music,SPECIALIZATION,4.8,Beginner,320k
677,The Social Context of Mental Health and Illness,University of Toronto,COURSE,4.6,Mixed,19k
138,The Strategy of Content Marketing,"University of California, Davis",COURSE,4.5,Intermediate,100k
361,"The Sustainable Development Goals – A global, transdisciplinary vision for the future",University of Copenhagen,COURSE,4.8,Beginner,26k
459,The Teacher and Social and Emotional Learning (SEL),University of Colorado Boulder,SPECIALIZATION,4.7,Beginner,5.2k
666,The Technology of Music Production,Berklee College of Music,COURSE,4.8,Beginner,28k
616,The Truth About Cats and Dogs,The University of Edinburgh,COURSE,4.7,Mixed,33k
716,The hidden value – Lean in manufacturing and services,École des Ponts ParisTech,COURSE,4.7,Beginner,14k
584,Think Again I: How to Understand Arguments,Duke University,COURSE,4.6,Beginner,200k
146,Tools for Data Science,IBM,COURSE,4.6,Beginner,120k
220,Trading Strategies in Emerging Markets,Indian School of Business,SPECIALIZATION,4.3,Beginner,68k
529,"Transmedia Storytelling: Narrative worlds, emerging technologies, and global audiences",UNSW Sydney (The University of New South Wales),COURSE,4.8,Mixed,45k
530,Tricky American English Pronunciation,"University of California, Irvine",COURSE,4.7,Beginner,110k
438,Troubles du spectre de l'autisme : diagnostic,University of Geneva,COURSE,4.9,Intermediate,5.4k
245,U.S. Federal Taxation,University of Illinois at Urbana-Champaign,SPECIALIZATION,4.8,Intermediate,12k
153,UCI Project Management,"University of California, Irvine",PROFESSIONAL CERTIFICATE,4.6,Beginner,44k
46,UI / UX Design,California Institute of the Arts,SPECIALIZATION,4.7,Beginner,68k
595,UX Design Fundamentals,California Institute of the Arts,COURSE,4.8,Beginner,25k
676,Understanding Cancer Metastasis,Johns Hopkins University,COURSE,4.8,Beginner,29k
353,Understanding Clinical Research: Behind the Statistics,University of Cape Town,COURSE,4.8,Mixed,78k
500,Understanding Einstein: The Special Theory of Relativity,Stanford University,COURSE,4.9,Beginner,89k
173,Understanding Medical Research: Your Facebook Friend is Wrong,Yale University,COURSE,4.8,Beginner,24k
886,Understanding Modern Finance,American Institute of Business and Economics,SPECIALIZATION,4.4,Intermediate,11k
746,Understanding Plants - Part I: What a Plant Knows,Tel Aviv University,COURSE,4.8,Beginner,49k
261,Understanding Research Methods,SOAS University of London,COURSE,4.5,Mixed,120k
465,Understanding and Visualizing Data with Python,University of Michigan,COURSE,4.7,Beginner,30k
249,Understanding the Brain: The Neurobiology of Everyday Life,The University of Chicago,COURSE,4.9,Beginner,130k
865,Unity Certified Programmer Exam Preparation,Unity,SPECIALIZATION,4.5,Intermediate,6.1k
618,Unity XR: How to Build AR and VR Apps,Unity,SPECIALIZATION,4.2,Beginner,12k
882,University Teaching,The University of Hong Kong,COURSE,4.8,Beginner,9.5k
638,Unraveling the Cycling City,University of Amsterdam,COURSE,4.9,Intermediate,3.9k
117,User Experience Research and Design,University of Michigan,SPECIALIZATION,4.8,Beginner,23k
614,User Interface Design,University of Minnesota,SPECIALIZATION,4.6,Intermediate,43k
350,Using Databases with Python,University of Michigan,COURSE,4.8,Mixed,220k
199,Using Python to Access Web Data,University of Michigan,COURSE,4.8,Mixed,310k
603,Using Python to Interact with the Operating System,Google,COURSE,4.7,Beginner,19k
262,Value Chain Management,University of Illinois at Urbana-Champaign,SPECIALIZATION,4.7,Intermediate,63k
589,Version Control with Git,Atlassian,COURSE,4.8,Mixed,40k
71,Viral Marketing and How to Craft Contagious Content,University of Pennsylvania,COURSE,4.7,Mixed,150k
407,Virtual Reality,"Goldsmiths, University of London",SPECIALIZATION,4.7,Beginner,37k
297,Virtual Teacher,"University of California, Irvine",SPECIALIZATION,4.3,Beginner,23k
185,Vital Signs: Understanding What the Body Is Telling Us,University of Pennsylvania,COURSE,4.8,Mixed,190k
182,Web Applications for Everybody,University of Michigan,SPECIALIZATION,4.8,Intermediate,120k
42,Web Design for Everybody: Basics of Web Development & Coding,University of Michigan,SPECIALIZATION,4.7,Beginner,280k
354,Weight Management: Beyond Balancing Calories,Emory University,COURSE,4.7,Beginner,34k
144,What Is Contemporary Art?,The Museum of Modern Art,COURSE,4.7,Beginner,120k
829,What future for education?,UCL Institute of Education,COURSE,4.7,Mixed,35k
543,What is Compliance?,University of Pennsylvania,COURSE,4.8,Mixed,6.2k
88,What is Data Science?,IBM,COURSE,4.7,Beginner,260k
379,What is Social?,Northwestern University,COURSE,4.6,Mixed,94k
232,Wine Tasting: Sensory Techniques for Wine Analysis,"University of California, Davis",COURSE,4.7,Beginner,32k
787,Wonders of Ancient Egypt,University of Pennsylvania,COURSE,4.8,Intermediate,17k
619,Write A Feature Length Screenplay For Film Or Television,Michigan State University,COURSE,4.9,Beginner,12k
213,Write Professional Emails in English,Georgia Institute of Technology,COURSE,4.7,Mixed,270k
684,Write Your First Novel,Michigan State University,COURSE,4.4,Beginner,18k
69,Writing in the Sciences,Stanford University,COURSE,4.9,Beginner,140k
359,e-Learning Ecologies: Innovative Approaches to Teaching and Learning for the Digital Age,University of Illinois at Urbana-Champaign,COURSE,4.5,Mixed,17k
779,iOS App Development with Swift,University of Toronto,SPECIALIZATION,3.9,Intermediate,76k
858,¿Qué hacen los buenos directivos? Prioridades de la Alta Dirección,IESE Business School,COURSE,4.7,Beginner,25k
191,Étudier en France: French Intermediate course B1-B2,École Polytechnique,COURSE,4.8,Intermediate,190k
607,Éxito Profesional,"University of California, Irvine",SPECIALIZATION,4.5,Beginner,69k
492,Искусство ведения бизнеса,Saint Petersburg State University,SPECIALIZATION,4.6,Beginner,14k
156,Искусство разработки на современном C++,E-Learning Development Fund,SPECIALIZATION,4.9,Intermediate,68k
722,Корпоративные финансы и стоимость компании,National Research University Higher School of Economics,SPECIALIZATION,4.5,Beginner,16k
811,Математика и Python для анализа данных,E-Learning Development Fund,COURSE,4.8,Beginner,67k
132,Машинное обучение и анализ данных,E-Learning Development Fund,SPECIALIZATION,4.7,Intermediate,77k
405,Основы Digital Маркетинга,National Research University Higher School of Economics,SPECIALIZATION,4.5,Intermediate,19k
703,Основы программирования на Python,National Research University Higher School of Economics,COURSE,4.6,Beginner,83k
841,Основы разработки на C++: белый пояс,E-Learning Development Fund,COURSE,4.9,Intermediate,41k
889,Погружение в Python,Moscow Institute of Physics and Technology,COURSE,4.7,Intermediate,45k
236,Программирование на Python,Mail.Ru Group,SPECIALIZATION,4.5,Intermediate,52k
883,Психолингвистика (Psycholinguistics),Saint Petersburg State University,COURSE,4.8,Mixed,21k
545,Разработка интерфейсов: вёрстка и JavaScript,E-Learning Development Fund,SPECIALIZATION,4.5,Intermediate,30k
875,Русский как иностранный,Saint Petersburg State University,SPECIALIZATION,4.6,Intermediate,9.8k
163,Финансовые инструменты для частного инвестора,National Research University Higher School of Economics,SPECIALIZATION,4.7,Beginner,38k
